{
    "gmm": {
        "2": -0.0670447496860884,
        "3": -0.07554066434294093,
        "4": -0.035213920589261316,
        "5": 0.03416750173772647,
        "6": 0.004984363344706117,
        "7": 0.0034622601070040185,
        "8": 0.017419812127119606,
        "9": 0.012769728154152818,
        "10": 0.0006563507594423931
    },
    "pkwik": {
        "2": 0.04458599131817909,
        "3": 0.1882811806232657,
        "4": 0.24937863520951792,
        "5": 0.2420502719809977,
        "6": 0.2246571518985687,
        "7": 0.27852313523361105,
        "8": 0.2681413433147929,
        "9": 0.26182009875073425,
        "10": 0.3776377349128057
    },
    "mcpc": {
        "2": 0.0,
        "3": 0.0,
        "4": 0.0,
        "5": 0.0,
        "6": 0.0,
        "7": 0.0,
        "8": 0.0,
        "9": -0.0005117257553252782,
        "10": 0.0
    },
    "Infomap": {
        "2": 0.0,
        "3": 0.37073220927048817,
        "4": 0.4487597548517556,
        "5": 0.4998311955599552,
        "6": 0.5017127754609223,
        "7": 0.557551397083889,
        "8": 0.5743874365682057,
        "9": 0.5895661123533976,
        "10": 0.6011302405431049
    },
    "embedding": {
        "2": 0.21667190714765716,
        "3": 0.370201064764869,
        "4": 0.44666234164277974,
        "5": 0.4901867364690106,
        "6": 0.5326763247563979,
        "7": 0.557551397083889,
        "8": 0.5743874365682057,
        "9": 0.5895661123533976,
        "10": 0.6011302405431049
    },
    "bayes": {
        "2": 0.09049734217610816,
        "3": 0.370201064764869,
        "4": 0.3361059763607433,
        "5": 0.42243731371403026,
        "6": 0.3284758005169808,
        "7": 0.557551397083889,
        "8": 0.5740339141007583,
        "9": 0.5895661123533976,
        "10": 0.48819792126842554
    },
    "acpc": {
        "2": 0.0,
        "3": 0.0,
        "4": 0.0,
        "5": 0.0,
        "6": 0.0,
        "7": 0.0,
        "8": 0.0,
        "9": -0.0005117257553252782,
        "10": 0.0
    },
    "weigted_louvain": {
        "2": 0.21667190714765716,
        "3": 0.37073220927048817,
        "4": 0.44958804345181935,
        "5": 0.4998311955599552,
        "6": 0.5326763247563979,
        "7": 0.557551397083889,
        "8": 0.5743874365682057,
        "9": 0.5895661123533976,
        "10": 0.6011302405431049
    }
}