{
    "gmm": {
        "2": -0.1717340288832643,
        "3": -0.10953701915696035,
        "4": -0.036991614455414226,
        "5": -0.03380575432420795,
        "6": -0.04038220354312205,
        "7": 0.008679979512506965,
        "8": 0.057608564153596865,
        "9": 0.02566312692743092,
        "10": 0.025778453987241573
    },
    "pkwik": {
        "2": -0.17089873384026585,
        "3": -0.12198973990453937,
        "4": -0.08641790857542347,
        "5": -0.06628268313012803,
        "6": -0.0528015631778911,
        "7": -0.04616827919681712,
        "8": -0.04019372209925199,
        "9": -0.03520923638146426,
        "10": -0.03187844008852021
    },
    "mcpc": {
        "2": 0.0,
        "3": 0.011589139455940606,
        "4": -0.0009669331696995839,
        "5": -0.012777370038689404,
        "6": 0.0072053415724152095,
        "7": 0.06849972687939404,
        "8": 0.11982066648177347,
        "9": 0.06941566277199697,
        "10": 0.007918893329296992
    },
    "Infomap": {
        "2": 0.0,
        "3": 0.0,
        "4": 0.37357884763321614,
        "5": 0.42175941278085904,
        "6": 0.4843927894724347,
        "7": 0.508938877485411,
        "8": 0.5392621318637818,
        "9": 0.5720139875986513,
        "10": 0.5753769032795512
    },
    "embedding": {
        "2": -0.25348765062908163,
        "3": 0.1724508332731703,
        "4": 0.33614410583596294,
        "5": 0.3617310549366507,
        "6": 0.474310682303466,
        "7": 0.488783950207995,
        "8": 0.5355353865042225,
        "9": 0.5657517668348956,
        "10": 0.5520310785903342
    },
    "bayes": {
        "2": -0.05650764818125825,
        "3": 0.0,
        "4": 0.0,
        "5": 0.0,
        "6": 0.0,
        "7": 0.0,
        "8": 0.0,
        "9": 0.0,
        "10": 0.0
    },
    "acpc": {
        "2": 0.0,
        "3": -0.08886663498305265,
        "4": -0.004027731372074457,
        "5": 0.011243143232265863,
        "6": -0.02832213669579786,
        "7": 0.036978396391592186,
        "8": 0.05385697435248615,
        "9": 0.07230071408586579,
        "10": 0.028561492583178503
    },
    "weigted_louvain": {
        "2": 0.06247088883691225,
        "3": 0.18967953180994374,
        "4": 0.3722429410084321,
        "5": 0.42175941278085904,
        "6": 0.4843927894724347,
        "7": 0.5101099446802309,
        "8": 0.5377572233834692,
        "9": 0.5707909762713991,
        "10": 0.5753769032795512
    }
}